<annotation>
	<folder>images</folder>
	<filename>frame1.jpg</filename>
	<path>/home/teammember/Documents/ecommerce site/images/frame1.jpg</path>
	<source>
		<database>Unknown</database>
	</source>
	<size>
		<width>1026</width>
		<height>720</height>
		<depth>3</depth>
	</size>
	<segmented>0</segmented>
	<object>
		<name>grey shirt</name>
		<pose>Unspecified</pose>
		<truncated>0</truncated>
		<difficult>0</difficult>
		<bndbox>
			<xmin>639</xmin>
			<ymin>407</ymin>
			<xmax>779</xmax>
			<ymax>595</ymax>
		</bndbox>
	</object>
	<object>
		<name>white shirt</name>
		<pose>Unspecified</pose>
		<truncated>0</truncated>
		<difficult>0</difficult>
		<bndbox>
			<xmin>145</xmin>
			<ymin>259</ymin>
			<xmax>309</xmax>
			<ymax>453</ymax>
		</bndbox>
	</object>
	<object>
		<name>white shirt 2</name>
		<pose>Unspecified</pose>
		<truncated>0</truncated>
		<difficult>0</difficult>
		<bndbox>
			<xmin>26</xmin>
			<ymin>188</ymin>
			<xmax>133</xmax>
			<ymax>338</ymax>
		</bndbox>
	</object>
	<object>
		<name>white shirt 2</name>
		<pose>Unspecified</pose>
		<truncated>0</truncated>
		<difficult>0</difficult>
		<bndbox>
			<xmin>9</xmin>
			<ymin>402</ymin>
			<xmax>120</xmax>
			<ymax>553</ymax>
		</bndbox>
	</object>
	<object>
		<name>white shirt 2</name>
		<pose>Unspecified</pose>
		<truncated>0</truncated>
		<difficult>0</difficult>
		<bndbox>
			<xmin>902</xmin>
			<ymin>449</ymin>
			<xmax>977</xmax>
			<ymax>560</ymax>
		</bndbox>
	</object>
	<object>
		<name>white shirt 3</name>
		<pose>Unspecified</pose>
		<truncated>0</truncated>
		<difficult>0</difficult>
		<bndbox>
			<xmin>188</xmin>
			<ymin>526</ymin>
			<xmax>294</xmax>
			<ymax>639</ymax>
		</bndbox>
	</object>
</annotation>
