<annotation>
	<folder>images</folder>
	<filename>frame2.jpg</filename>
	<path>/home/teammember/Documents/ecommerce site/images/frame2.jpg</path>
	<source>
		<database>Unknown</database>
	</source>
	<size>
		<width>1026</width>
		<height>720</height>
		<depth>3</depth>
	</size>
	<segmented>0</segmented>
	<object>
		<name>grey shirt</name>
		<pose>Unspecified</pose>
		<truncated>0</truncated>
		<difficult>0</difficult>
		<bndbox>
			<xmin>641</xmin>
			<ymin>433</ymin>
			<xmax>773</xmax>
			<ymax>595</ymax>
		</bndbox>
	</object>
	<object>
		<name>white shirt</name>
		<pose>Unspecified</pose>
		<truncated>0</truncated>
		<difficult>0</difficult>
		<bndbox>
			<xmin>154</xmin>
			<ymin>279</ymin>
			<xmax>309</xmax>
			<ymax>443</ymax>
		</bndbox>
	</object>
	<object>
		<name>white shirt 2</name>
		<pose>Unspecified</pose>
		<truncated>0</truncated>
		<difficult>0</difficult>
		<bndbox>
			<xmin>31</xmin>
			<ymin>193</ymin>
			<xmax>126</xmax>
			<ymax>339</ymax>
		</bndbox>
	</object>
	<object>
		<name>white shirt 2</name>
		<pose>Unspecified</pose>
		<truncated>0</truncated>
		<difficult>0</difficult>
		<bndbox>
			<xmin>4</xmin>
			<ymin>411</ymin>
			<xmax>123</xmax>
			<ymax>552</ymax>
		</bndbox>
	</object>
	<object>
		<name>white shirt 3</name>
		<pose>Unspecified</pose>
		<truncated>0</truncated>
		<difficult>0</difficult>
		<bndbox>
			<xmin>198</xmin>
			<ymin>522</ymin>
			<xmax>292</xmax>
			<ymax>639</ymax>
		</bndbox>
	</object>
</annotation>
