<annotation>
	<folder>images</folder>
	<filename>frame0.jpg</filename>
	<path>/home/teammember/Documents/ecommerce site/images/frame0.jpg</path>
	<source>
		<database>Unknown</database>
	</source>
	<size>
		<width>1026</width>
		<height>720</height>
		<depth>3</depth>
	</size>
	<segmented>0</segmented>
	<object>
		<name>grey shirt</name>
		<pose>Unspecified</pose>
		<truncated>0</truncated>
		<difficult>0</difficult>
		<bndbox>
			<xmin>640</xmin>
			<ymin>400</ymin>
			<xmax>782</xmax>
			<ymax>593</ymax>
		</bndbox>
	</object>
	<object>
		<name>white shirt</name>
		<pose>Unspecified</pose>
		<truncated>0</truncated>
		<difficult>0</difficult>
		<bndbox>
			<xmin>154</xmin>
			<ymin>268</ymin>
			<xmax>312</xmax>
			<ymax>453</ymax>
		</bndbox>
	</object>
	<object>
		<name>white shirt 2</name>
		<pose>Unspecified</pose>
		<truncated>0</truncated>
		<difficult>0</difficult>
		<bndbox>
			<xmin>23</xmin>
			<ymin>175</ymin>
			<xmax>139</xmax>
			<ymax>349</ymax>
		</bndbox>
	</object>
	<object>
		<name>white shirt 3</name>
		<pose>Unspecified</pose>
		<truncated>0</truncated>
		<difficult>0</difficult>
		<bndbox>
			<xmin>188</xmin>
			<ymin>499</ymin>
			<xmax>297</xmax>
			<ymax>642</ymax>
		</bndbox>
	</object>
	<object>
		<name>white shirt 2</name>
		<pose>Unspecified</pose>
		<truncated>0</truncated>
		<difficult>0</difficult>
		<bndbox>
			<xmin>905</xmin>
			<ymin>441</ymin>
			<xmax>976</xmax>
			<ymax>569</ymax>
		</bndbox>
	</object>
	<object>
		<name>white shirt 2</name>
		<pose>Unspecified</pose>
		<truncated>0</truncated>
		<difficult>0</difficult>
		<bndbox>
			<xmin>3</xmin>
			<ymin>396</ymin>
			<xmax>128</xmax>
			<ymax>560</ymax>
		</bndbox>
	</object>
</annotation>
